<?xml version="1.0" encoding="utf-8"?>
<rdf:RDF xmlns:rdf="http://www.w3.org/1999/02/22-rdf-syntax-ns#" xmlns:cim="http://iec.ch/TC57/2012/CIM-schema-cim16#" xmlns:md="http://iec.ch/TC57/61970-552/ModelDescription/1#" xmlns:entsoe="http://entsoe.eu/Secretariat/ProfileExtension/2#" xmlns:neplan="http://www.neplan.ch#">
  <md:FullModel rdf:about="urn:uuid:c9b7a1ef-1cde-42ad-8aa5-40a6bd970bb6">
    <md:Model.created>2017-09-29T10:49:22</md:Model.created>
    <neplan:Model.createdBy>NEPLAN by Busarello + Cott + Partner AG, Switzerland</neplan:Model.createdBy>
    <md:Model.scenarioTime>2017-09-29T10:49:19</md:Model.scenarioTime>
    <md:Model.version>7</md:Model.version>
    <md:Model.DependentOn rdf:resource="urn:uuid:5efec1bd-4ae6-4c81-8e35-4f62f60f2a52"/>
    <md:Model.description>NEPLAN</md:Model.description>
    <md:Model.modelingAuthoritySet>FULL</md:Model.modelingAuthoritySet>
    <md:Model.profile>http://iec.ch/TC57/61970-456/Topology/3</md:Model.profile>
  </md:FullModel>
  <cim:NameType rdf:ID="_059fe839-1c9e-4971-a6aa-c5d0cc7be616">
    <cim:NameType.name>description</cim:NameType.name>
  </cim:NameType>
  <cim:TopologicalNode rdf:ID="N25">
    <cim:IdentifiedObject.name>N25</cim:IdentifiedObject.name>
    <cim:TopologicalNode.BaseVoltage rdf:resource="#_cdcaa666-bc24-4c64-9e61-a0e8c8d25814"/>
    <cim:TopologicalNode.ConnectivityNodeContainer rdf:resource="#_74A4-2E-F1-00000000000000003134"/>
  </cim:TopologicalNode>
  <cim:TopologicalNode rdf:ID="N02">
    <cim:IdentifiedObject.name>N02</cim:IdentifiedObject.name>
    <cim:TopologicalNode.BaseVoltage rdf:resource="#_cdcaa666-bc24-4c64-9e61-a0e8c8d25814"/>
    <cim:TopologicalNode.ConnectivityNodeContainer rdf:resource="#_74A4-2E-F1-00000000000000003131"/>
  </cim:TopologicalNode>
  <cim:TopologicalNode rdf:ID="N30">
    <cim:IdentifiedObject.name>N30</cim:IdentifiedObject.name>
    <cim:TopologicalNode.BaseVoltage rdf:resource="#_cdcaa666-bc24-4c64-9e61-a0e8c8d25814"/>
    <cim:TopologicalNode.ConnectivityNodeContainer rdf:resource="#_74A4-2E-F1-00000000000000000038"/>
  </cim:TopologicalNode>
  <cim:TopologicalNode rdf:ID="N27">
    <cim:IdentifiedObject.name>N27</cim:IdentifiedObject.name>
    <cim:TopologicalNode.BaseVoltage rdf:resource="#_cdcaa666-bc24-4c64-9e61-a0e8c8d25814"/>
    <cim:TopologicalNode.ConnectivityNodeContainer rdf:resource="#_74A4-2E-F1-00000000000000003239"/>
  </cim:TopologicalNode>
  <cim:TopologicalNode rdf:ID="N29">
    <cim:IdentifiedObject.name>N29</cim:IdentifiedObject.name>
    <cim:TopologicalNode.BaseVoltage rdf:resource="#_cdcaa666-bc24-4c64-9e61-a0e8c8d25814"/>
    <cim:TopologicalNode.ConnectivityNodeContainer rdf:resource="#_74A4-2E-F1-00000000000000003236"/>
  </cim:TopologicalNode>
  <cim:TopologicalNode rdf:ID="N28">
    <cim:IdentifiedObject.name>N28</cim:IdentifiedObject.name>
    <cim:TopologicalNode.BaseVoltage rdf:resource="#_cdcaa666-bc24-4c64-9e61-a0e8c8d25814"/>
    <cim:TopologicalNode.ConnectivityNodeContainer rdf:resource="#_74A4-2E-F1-00000000000000003233"/>
  </cim:TopologicalNode>
  <cim:TopologicalNode rdf:ID="N26">
    <cim:IdentifiedObject.name>N26</cim:IdentifiedObject.name>
    <cim:TopologicalNode.BaseVoltage rdf:resource="#_cdcaa666-bc24-4c64-9e61-a0e8c8d25814"/>
    <cim:TopologicalNode.ConnectivityNodeContainer rdf:resource="#_74A4-2E-F1-00000000000000003230"/>
  </cim:TopologicalNode>
  <cim:TopologicalNode rdf:ID="N37">
    <cim:IdentifiedObject.name>N37</cim:IdentifiedObject.name>
    <cim:TopologicalNode.BaseVoltage rdf:resource="#_cdcaa666-bc24-4c64-9e61-a0e8c8d25814"/>
    <cim:TopologicalNode.ConnectivityNodeContainer rdf:resource="#_74A4-2E-F1-00000000000000003137"/>
  </cim:TopologicalNode>
  <cim:TopologicalNode rdf:ID="N03">
    <cim:IdentifiedObject.name>N03</cim:IdentifiedObject.name>
    <cim:TopologicalNode.BaseVoltage rdf:resource="#_cdcaa666-bc24-4c64-9e61-a0e8c8d25814"/>
    <cim:TopologicalNode.ConnectivityNodeContainer rdf:resource="#_74A4-2E-F1-00000000000000003437"/>
  </cim:TopologicalNode>
  <cim:TopologicalNode rdf:ID="N24">
    <cim:IdentifiedObject.name>N24</cim:IdentifiedObject.name>
    <cim:TopologicalNode.BaseVoltage rdf:resource="#_cdcaa666-bc24-4c64-9e61-a0e8c8d25814"/>
    <cim:TopologicalNode.ConnectivityNodeContainer rdf:resource="#_74A4-2E-F1-00000000000000003434"/>
  </cim:TopologicalNode>
  <cim:TopologicalNode rdf:ID="N17">
    <cim:IdentifiedObject.name>N17</cim:IdentifiedObject.name>
    <cim:TopologicalNode.BaseVoltage rdf:resource="#_cdcaa666-bc24-4c64-9e61-a0e8c8d25814"/>
    <cim:TopologicalNode.ConnectivityNodeContainer rdf:resource="#_74A4-2E-F1-00000000000000003431"/>
  </cim:TopologicalNode>
  <cim:TopologicalNode rdf:ID="N18">
    <cim:IdentifiedObject.name>N18</cim:IdentifiedObject.name>
    <cim:TopologicalNode.BaseVoltage rdf:resource="#_cdcaa666-bc24-4c64-9e61-a0e8c8d25814"/>
    <cim:TopologicalNode.ConnectivityNodeContainer rdf:resource="#_74A4-2E-F1-00000000000000003338"/>
  </cim:TopologicalNode>
  <cim:TopologicalNode rdf:ID="N01">
    <cim:IdentifiedObject.name>N01</cim:IdentifiedObject.name>
    <cim:TopologicalNode.BaseVoltage rdf:resource="#_cdcaa666-bc24-4c64-9e61-a0e8c8d25814"/>
    <cim:TopologicalNode.ConnectivityNodeContainer rdf:resource="#_74A4-2E-F1-00000000000000003335"/>
  </cim:TopologicalNode>
  <cim:TopologicalNode rdf:ID="N38">
    <cim:IdentifiedObject.name>N38</cim:IdentifiedObject.name>
    <cim:TopologicalNode.BaseVoltage rdf:resource="#_cdcaa666-bc24-4c64-9e61-a0e8c8d25814"/>
    <cim:TopologicalNode.ConnectivityNodeContainer rdf:resource="#_74A4-2E-F1-00000000000000003332"/>
  </cim:TopologicalNode>
  <cim:TopologicalNode rdf:ID="N22">
    <cim:IdentifiedObject.name>N22</cim:IdentifiedObject.name>
    <cim:TopologicalNode.BaseVoltage rdf:resource="#_cdcaa666-bc24-4c64-9e61-a0e8c8d25814"/>
    <cim:TopologicalNode.ConnectivityNodeContainer rdf:resource="#_74A4-2E-F1-00000000000000003632"/>
  </cim:TopologicalNode>
  <cim:TopologicalNode rdf:ID="N21">
    <cim:IdentifiedObject.name>N21</cim:IdentifiedObject.name>
    <cim:TopologicalNode.BaseVoltage rdf:resource="#_cdcaa666-bc24-4c64-9e61-a0e8c8d25814"/>
    <cim:TopologicalNode.ConnectivityNodeContainer rdf:resource="#_74A4-2E-F1-00000000000000003539"/>
  </cim:TopologicalNode>
  <cim:TopologicalNode rdf:ID="N15">
    <cim:IdentifiedObject.name>N15</cim:IdentifiedObject.name>
    <cim:TopologicalNode.BaseVoltage rdf:resource="#_cdcaa666-bc24-4c64-9e61-a0e8c8d25814"/>
    <cim:TopologicalNode.ConnectivityNodeContainer rdf:resource="#_74A4-2E-F1-00000000000000003536"/>
  </cim:TopologicalNode>
  <cim:TopologicalNode rdf:ID="N35">
    <cim:IdentifiedObject.name>N35</cim:IdentifiedObject.name>
    <cim:TopologicalNode.BaseVoltage rdf:resource="#_cdcaa666-bc24-4c64-9e61-a0e8c8d25814"/>
    <cim:TopologicalNode.ConnectivityNodeContainer rdf:resource="#_74A4-2E-F1-00000000000000003533"/>
  </cim:TopologicalNode>
  <cim:TopologicalNode rdf:ID="N16">
    <cim:IdentifiedObject.name>N16</cim:IdentifiedObject.name>
    <cim:TopologicalNode.BaseVoltage rdf:resource="#_cdcaa666-bc24-4c64-9e61-a0e8c8d25814"/>
    <cim:TopologicalNode.ConnectivityNodeContainer rdf:resource="#_74A4-2E-F1-00000000000000003530"/>
  </cim:TopologicalNode>
  <cim:TopologicalNode rdf:ID="N06">
    <cim:IdentifiedObject.name>N06</cim:IdentifiedObject.name>
    <cim:TopologicalNode.BaseVoltage rdf:resource="#_cdcaa666-bc24-4c64-9e61-a0e8c8d25814"/>
    <cim:TopologicalNode.ConnectivityNodeContainer rdf:resource="#_74A4-2E-F1-00000000000000003737"/>
  </cim:TopologicalNode>
  <cim:TopologicalNode rdf:ID="N05">
    <cim:IdentifiedObject.name>N05</cim:IdentifiedObject.name>
    <cim:TopologicalNode.BaseVoltage rdf:resource="#_cdcaa666-bc24-4c64-9e61-a0e8c8d25814"/>
    <cim:TopologicalNode.ConnectivityNodeContainer rdf:resource="#_74A4-2E-F1-00000000000000003734"/>
  </cim:TopologicalNode>
  <cim:TopologicalNode rdf:ID="N14">
    <cim:IdentifiedObject.name>N14</cim:IdentifiedObject.name>
    <cim:TopologicalNode.BaseVoltage rdf:resource="#_cdcaa666-bc24-4c64-9e61-a0e8c8d25814"/>
    <cim:TopologicalNode.ConnectivityNodeContainer rdf:resource="#_74A4-2E-F1-00000000000000003731"/>
  </cim:TopologicalNode>
  <cim:TopologicalNode rdf:ID="N04">
    <cim:IdentifiedObject.name>N04</cim:IdentifiedObject.name>
    <cim:TopologicalNode.BaseVoltage rdf:resource="#_cdcaa666-bc24-4c64-9e61-a0e8c8d25814"/>
    <cim:TopologicalNode.ConnectivityNodeContainer rdf:resource="#_74A4-2E-F1-00000000000000003638"/>
  </cim:TopologicalNode>
  <cim:TopologicalNode rdf:ID="N39">
    <cim:IdentifiedObject.name>N39</cim:IdentifiedObject.name>
    <cim:TopologicalNode.BaseVoltage rdf:resource="#_cdcaa666-bc24-4c64-9e61-a0e8c8d25814"/>
    <cim:TopologicalNode.ConnectivityNodeContainer rdf:resource="#_74A4-2E-F1-00000000000000003635"/>
  </cim:TopologicalNode>
  <cim:TopologicalNode rdf:ID="N13">
    <cim:IdentifiedObject.name>N13</cim:IdentifiedObject.name>
    <cim:TopologicalNode.BaseVoltage rdf:resource="#_cdcaa666-bc24-4c64-9e61-a0e8c8d25814"/>
    <cim:TopologicalNode.ConnectivityNodeContainer rdf:resource="#_74A4-2E-F1-00000000000000003935"/>
  </cim:TopologicalNode>
  <cim:TopologicalNode rdf:ID="N11">
    <cim:IdentifiedObject.name>N11</cim:IdentifiedObject.name>
    <cim:TopologicalNode.BaseVoltage rdf:resource="#_cdcaa666-bc24-4c64-9e61-a0e8c8d25814"/>
    <cim:TopologicalNode.ConnectivityNodeContainer rdf:resource="#_74A4-2E-F1-00000000000000003932"/>
  </cim:TopologicalNode>
  <cim:TopologicalNode rdf:ID="N07">
    <cim:IdentifiedObject.name>N07</cim:IdentifiedObject.name>
    <cim:TopologicalNode.BaseVoltage rdf:resource="#_cdcaa666-bc24-4c64-9e61-a0e8c8d25814"/>
    <cim:TopologicalNode.ConnectivityNodeContainer rdf:resource="#_74A4-2E-F1-00000000000000003839"/>
  </cim:TopologicalNode>
  <cim:TopologicalNode rdf:ID="N23">
    <cim:IdentifiedObject.name>N23</cim:IdentifiedObject.name>
    <cim:TopologicalNode.BaseVoltage rdf:resource="#_cdcaa666-bc24-4c64-9e61-a0e8c8d25814"/>
    <cim:TopologicalNode.ConnectivityNodeContainer rdf:resource="#_74A4-2E-F1-00000000000000003836"/>
  </cim:TopologicalNode>
  <cim:TopologicalNode rdf:ID="N19">
    <cim:IdentifiedObject.name>N19</cim:IdentifiedObject.name>
    <cim:TopologicalNode.BaseVoltage rdf:resource="#_cdcaa666-bc24-4c64-9e61-a0e8c8d25814"/>
    <cim:TopologicalNode.ConnectivityNodeContainer rdf:resource="#_74A4-2E-F1-00000000000000003833"/>
  </cim:TopologicalNode>
  <cim:TopologicalNode rdf:ID="N12">
    <cim:IdentifiedObject.name>N12</cim:IdentifiedObject.name>
    <cim:TopologicalNode.BaseVoltage rdf:resource="#_cdcaa666-bc24-4c64-9e61-a0e8c8d25814"/>
    <cim:TopologicalNode.ConnectivityNodeContainer rdf:resource="#_74A4-2E-F1-00000000000000003830"/>
  </cim:TopologicalNode>
  <cim:TopologicalNode rdf:ID="N10">
    <cim:IdentifiedObject.name>N10</cim:IdentifiedObject.name>
    <cim:TopologicalNode.BaseVoltage rdf:resource="#_cdcaa666-bc24-4c64-9e61-a0e8c8d25814"/>
    <cim:TopologicalNode.ConnectivityNodeContainer rdf:resource="#_74A4-2E-F1-00000000000000313130"/>
  </cim:TopologicalNode>
  <cim:TopologicalNode rdf:ID="N31">
    <cim:IdentifiedObject.name>N31</cim:IdentifiedObject.name>
    <cim:TopologicalNode.BaseVoltage rdf:resource="#_cdcaa666-bc24-4c64-9e61-a0e8c8d25814"/>
    <cim:TopologicalNode.ConnectivityNodeContainer rdf:resource="#_74A4-2E-F1-00000000000000313037"/>
  </cim:TopologicalNode>
  <cim:TopologicalNode rdf:ID="N08">
    <cim:IdentifiedObject.name>N08</cim:IdentifiedObject.name>
    <cim:TopologicalNode.BaseVoltage rdf:resource="#_cdcaa666-bc24-4c64-9e61-a0e8c8d25814"/>
    <cim:TopologicalNode.ConnectivityNodeContainer rdf:resource="#_74A4-2E-F1-00000000000000313034"/>
  </cim:TopologicalNode>
  <cim:TopologicalNode rdf:ID="N36">
    <cim:IdentifiedObject.name>N36</cim:IdentifiedObject.name>
    <cim:TopologicalNode.BaseVoltage rdf:resource="#_cdcaa666-bc24-4c64-9e61-a0e8c8d25814"/>
    <cim:TopologicalNode.ConnectivityNodeContainer rdf:resource="#_74A4-2E-F1-00000000000000313031"/>
  </cim:TopologicalNode>
  <cim:TopologicalNode rdf:ID="N20">
    <cim:IdentifiedObject.name>N20</cim:IdentifiedObject.name>
    <cim:TopologicalNode.BaseVoltage rdf:resource="#_cdcaa666-bc24-4c64-9e61-a0e8c8d25814"/>
    <cim:TopologicalNode.ConnectivityNodeContainer rdf:resource="#_74A4-2E-F1-00000000000000003938"/>
  </cim:TopologicalNode>
  <cim:TopologicalNode rdf:ID="N32">
    <cim:IdentifiedObject.name>N32</cim:IdentifiedObject.name>
    <cim:TopologicalNode.BaseVoltage rdf:resource="#_cdcaa666-bc24-4c64-9e61-a0e8c8d25814"/>
    <cim:TopologicalNode.ConnectivityNodeContainer rdf:resource="#_74A4-2E-F1-00000000000000313232"/>
  </cim:TopologicalNode>
  <cim:TopologicalNode rdf:ID="N09">
    <cim:IdentifiedObject.name>N09</cim:IdentifiedObject.name>
    <cim:TopologicalNode.BaseVoltage rdf:resource="#_cdcaa666-bc24-4c64-9e61-a0e8c8d25814"/>
    <cim:TopologicalNode.ConnectivityNodeContainer rdf:resource="#_74A4-2E-F1-00000000000000313139"/>
  </cim:TopologicalNode>
  <cim:TopologicalNode rdf:ID="N33">
    <cim:IdentifiedObject.name>N33</cim:IdentifiedObject.name>
    <cim:TopologicalNode.BaseVoltage rdf:resource="#_cdcaa666-bc24-4c64-9e61-a0e8c8d25814"/>
    <cim:TopologicalNode.ConnectivityNodeContainer rdf:resource="#_74A4-2E-F1-00000000000000313136"/>
  </cim:TopologicalNode>
  <cim:TopologicalNode rdf:ID="N34">
    <cim:IdentifiedObject.name>N34</cim:IdentifiedObject.name>
    <cim:TopologicalNode.BaseVoltage rdf:resource="#_cdcaa666-bc24-4c64-9e61-a0e8c8d25814"/>
    <cim:TopologicalNode.ConnectivityNodeContainer rdf:resource="#_74A4-2E-F1-00000000000000313133"/>
  </cim:TopologicalNode>
  <cim:Terminal rdf:about="#E-284">
    <cim:Terminal.connected>true</cim:Terminal.connected>
    <cim:Terminal.TopologicalNode rdf:resource="#N03"/>
  </cim:Terminal>
  <cim:Terminal rdf:about="#E-285">
    <cim:Terminal.connected>true</cim:Terminal.connected>
    <cim:Terminal.TopologicalNode rdf:resource="#N18"/>
  </cim:Terminal>
  <cim:Terminal rdf:about="#E-279">
    <cim:Terminal.connected>true</cim:Terminal.connected>
    <cim:Terminal.TopologicalNode rdf:resource="#N16"/>
  </cim:Terminal>
  <cim:Terminal rdf:about="#E-280">
    <cim:Terminal.connected>true</cim:Terminal.connected>
    <cim:Terminal.TopologicalNode rdf:resource="#N24"/>
  </cim:Terminal>
  <cim:Terminal rdf:about="#E-274">
    <cim:Terminal.connected>true</cim:Terminal.connected>
    <cim:Terminal.TopologicalNode rdf:resource="#N17"/>
  </cim:Terminal>
  <cim:Terminal rdf:about="#E-275">
    <cim:Terminal.connected>true</cim:Terminal.connected>
    <cim:Terminal.TopologicalNode rdf:resource="#N27"/>
  </cim:Terminal>
  <cim:Terminal rdf:about="#E-304">
    <cim:Terminal.connected>true</cim:Terminal.connected>
    <cim:Terminal.TopologicalNode rdf:resource="#N08"/>
  </cim:Terminal>
  <cim:Terminal rdf:about="#E-305">
    <cim:Terminal.connected>true</cim:Terminal.connected>
    <cim:Terminal.TopologicalNode rdf:resource="#N09"/>
  </cim:Terminal>
  <cim:Terminal rdf:about="#E-299">
    <cim:Terminal.connected>true</cim:Terminal.connected>
    <cim:Terminal.TopologicalNode rdf:resource="#N09"/>
  </cim:Terminal>
  <cim:Terminal rdf:about="#E-300">
    <cim:Terminal.connected>true</cim:Terminal.connected>
    <cim:Terminal.TopologicalNode rdf:resource="#N39"/>
  </cim:Terminal>
  <cim:Terminal rdf:about="#E-294">
    <cim:Terminal.connected>true</cim:Terminal.connected>
    <cim:Terminal.TopologicalNode rdf:resource="#N01"/>
  </cim:Terminal>
  <cim:Terminal rdf:about="#E-295">
    <cim:Terminal.connected>true</cim:Terminal.connected>
    <cim:Terminal.TopologicalNode rdf:resource="#N39"/>
  </cim:Terminal>
  <cim:Terminal rdf:about="#E-289">
    <cim:Terminal.connected>true</cim:Terminal.connected>
    <cim:Terminal.TopologicalNode rdf:resource="#N02"/>
  </cim:Terminal>
  <cim:Terminal rdf:about="#E-290">
    <cim:Terminal.connected>true</cim:Terminal.connected>
    <cim:Terminal.TopologicalNode rdf:resource="#N03"/>
  </cim:Terminal>
  <cim:Terminal rdf:about="#E-319">
    <cim:Terminal.connected>true</cim:Terminal.connected>
    <cim:Terminal.TopologicalNode rdf:resource="#N06"/>
  </cim:Terminal>
  <cim:Terminal rdf:about="#E-320">
    <cim:Terminal.connected>true</cim:Terminal.connected>
    <cim:Terminal.TopologicalNode rdf:resource="#N07"/>
  </cim:Terminal>
  <cim:Terminal rdf:about="#E-314">
    <cim:Terminal.connected>true</cim:Terminal.connected>
    <cim:Terminal.TopologicalNode rdf:resource="#N07"/>
  </cim:Terminal>
  <cim:Terminal rdf:about="#E-315">
    <cim:Terminal.connected>true</cim:Terminal.connected>
    <cim:Terminal.TopologicalNode rdf:resource="#N08"/>
  </cim:Terminal>
  <cim:Terminal rdf:about="#E-309">
    <cim:Terminal.connected>true</cim:Terminal.connected>
    <cim:Terminal.TopologicalNode rdf:resource="#N05"/>
  </cim:Terminal>
  <cim:Terminal rdf:about="#E-310">
    <cim:Terminal.connected>true</cim:Terminal.connected>
    <cim:Terminal.TopologicalNode rdf:resource="#N08"/>
  </cim:Terminal>
  <cim:Terminal rdf:about="#E-334">
    <cim:Terminal.connected>true</cim:Terminal.connected>
    <cim:Terminal.TopologicalNode rdf:resource="#N03"/>
  </cim:Terminal>
  <cim:Terminal rdf:about="#E-335">
    <cim:Terminal.connected>true</cim:Terminal.connected>
    <cim:Terminal.TopologicalNode rdf:resource="#N04"/>
  </cim:Terminal>
  <cim:Terminal rdf:about="#E-329">
    <cim:Terminal.connected>true</cim:Terminal.connected>
    <cim:Terminal.TopologicalNode rdf:resource="#N04"/>
  </cim:Terminal>
  <cim:Terminal rdf:about="#E-330">
    <cim:Terminal.connected>true</cim:Terminal.connected>
    <cim:Terminal.TopologicalNode rdf:resource="#N05"/>
  </cim:Terminal>
  <cim:Terminal rdf:about="#E-324">
    <cim:Terminal.connected>true</cim:Terminal.connected>
    <cim:Terminal.TopologicalNode rdf:resource="#N05"/>
  </cim:Terminal>
  <cim:Terminal rdf:about="#E-325">
    <cim:Terminal.connected>true</cim:Terminal.connected>
    <cim:Terminal.TopologicalNode rdf:resource="#N06"/>
  </cim:Terminal>
  <cim:Terminal rdf:about="#E-349">
    <cim:Terminal.connected>true</cim:Terminal.connected>
    <cim:Terminal.TopologicalNode rdf:resource="#N15"/>
  </cim:Terminal>
  <cim:Terminal rdf:about="#E-350">
    <cim:Terminal.connected>true</cim:Terminal.connected>
    <cim:Terminal.TopologicalNode rdf:resource="#N16"/>
  </cim:Terminal>
  <cim:Terminal rdf:about="#E-344">
    <cim:Terminal.connected>true</cim:Terminal.connected>
    <cim:Terminal.TopologicalNode rdf:resource="#N14"/>
  </cim:Terminal>
  <cim:Terminal rdf:about="#E-345">
    <cim:Terminal.connected>true</cim:Terminal.connected>
    <cim:Terminal.TopologicalNode rdf:resource="#N15"/>
  </cim:Terminal>
  <cim:Terminal rdf:about="#E-339">
    <cim:Terminal.connected>true</cim:Terminal.connected>
    <cim:Terminal.TopologicalNode rdf:resource="#N04"/>
  </cim:Terminal>
  <cim:Terminal rdf:about="#E-340">
    <cim:Terminal.connected>true</cim:Terminal.connected>
    <cim:Terminal.TopologicalNode rdf:resource="#N14"/>
  </cim:Terminal>
  <cim:Terminal rdf:about="#E-364">
    <cim:Terminal.connected>true</cim:Terminal.connected>
    <cim:Terminal.TopologicalNode rdf:resource="#N16"/>
  </cim:Terminal>
  <cim:Terminal rdf:about="#E-365">
    <cim:Terminal.connected>true</cim:Terminal.connected>
    <cim:Terminal.TopologicalNode rdf:resource="#N21"/>
  </cim:Terminal>
  <cim:Terminal rdf:about="#E-359">
    <cim:Terminal.connected>true</cim:Terminal.connected>
    <cim:Terminal.TopologicalNode rdf:resource="#N19"/>
  </cim:Terminal>
  <cim:Terminal rdf:about="#E-360">
    <cim:Terminal.connected>true</cim:Terminal.connected>
    <cim:Terminal.TopologicalNode rdf:resource="#N16"/>
  </cim:Terminal>
  <cim:Terminal rdf:about="#E-354">
    <cim:Terminal.connected>true</cim:Terminal.connected>
    <cim:Terminal.TopologicalNode rdf:resource="#N16"/>
  </cim:Terminal>
  <cim:Terminal rdf:about="#E-355">
    <cim:Terminal.connected>true</cim:Terminal.connected>
    <cim:Terminal.TopologicalNode rdf:resource="#N17"/>
  </cim:Terminal>
  <cim:Terminal rdf:about="#E-394">
    <cim:Terminal.connected>true</cim:Terminal.connected>
    <cim:Terminal.TopologicalNode rdf:resource="#N10"/>
  </cim:Terminal>
  <cim:Terminal rdf:about="#E-395">
    <cim:Terminal.connected>true</cim:Terminal.connected>
    <cim:Terminal.TopologicalNode rdf:resource="#N11"/>
  </cim:Terminal>
  <cim:Terminal rdf:about="#E-389">
    <cim:Terminal.connected>true</cim:Terminal.connected>
    <cim:Terminal.TopologicalNode rdf:resource="#N10"/>
  </cim:Terminal>
  <cim:Terminal rdf:about="#E-390">
    <cim:Terminal.connected>true</cim:Terminal.connected>
    <cim:Terminal.TopologicalNode rdf:resource="#N13"/>
  </cim:Terminal>
  <cim:Terminal rdf:about="#E-409">
    <cim:Terminal.connected>true</cim:Terminal.connected>
    <cim:Terminal.TopologicalNode rdf:resource="#N11"/>
  </cim:Terminal>
  <cim:Terminal rdf:about="#E-410">
    <cim:Terminal.connected>true</cim:Terminal.connected>
    <cim:Terminal.TopologicalNode rdf:resource="#N06"/>
  </cim:Terminal>
  <cim:Terminal rdf:about="#E-424">
    <cim:Terminal.connected>true</cim:Terminal.connected>
    <cim:Terminal.TopologicalNode rdf:resource="#N22"/>
  </cim:Terminal>
  <cim:Terminal rdf:about="#E-425">
    <cim:Terminal.connected>true</cim:Terminal.connected>
    <cim:Terminal.TopologicalNode rdf:resource="#N23"/>
  </cim:Terminal>
  <cim:Terminal rdf:about="#E-419">
    <cim:Terminal.connected>true</cim:Terminal.connected>
    <cim:Terminal.TopologicalNode rdf:resource="#N23"/>
  </cim:Terminal>
  <cim:Terminal rdf:about="#E-420">
    <cim:Terminal.connected>true</cim:Terminal.connected>
    <cim:Terminal.TopologicalNode rdf:resource="#N24"/>
  </cim:Terminal>
  <cim:Terminal rdf:about="#E-434">
    <cim:Terminal.connected>true</cim:Terminal.connected>
    <cim:Terminal.TopologicalNode rdf:resource="#N21"/>
  </cim:Terminal>
  <cim:Terminal rdf:about="#E-435">
    <cim:Terminal.connected>true</cim:Terminal.connected>
    <cim:Terminal.TopologicalNode rdf:resource="#N22"/>
  </cim:Terminal>
  <cim:Terminal rdf:about="#E-457">
    <cim:Terminal.connected>true</cim:Terminal.connected>
    <cim:Terminal.TopologicalNode rdf:resource="#N13"/>
  </cim:Terminal>
  <cim:Terminal rdf:about="#E-458">
    <cim:Terminal.connected>true</cim:Terminal.connected>
    <cim:Terminal.TopologicalNode rdf:resource="#N14"/>
  </cim:Terminal>
  <cim:Terminal rdf:about="#E-797728">
    <cim:Terminal.connected>true</cim:Terminal.connected>
    <cim:Terminal.TopologicalNode rdf:resource="#N25"/>
  </cim:Terminal>
  <cim:Terminal rdf:about="#E-797729">
    <cim:Terminal.connected>true</cim:Terminal.connected>
    <cim:Terminal.TopologicalNode rdf:resource="#N26"/>
  </cim:Terminal>
  <cim:Terminal rdf:about="#E-219">
    <cim:Terminal.connected>true</cim:Terminal.connected>
    <cim:Terminal.TopologicalNode rdf:resource="#N01"/>
  </cim:Terminal>
  <cim:Terminal rdf:about="#E-220">
    <cim:Terminal.connected>true</cim:Terminal.connected>
    <cim:Terminal.TopologicalNode rdf:resource="#N02"/>
  </cim:Terminal>
  <cim:Terminal rdf:about="#E-229">
    <cim:Terminal.connected>true</cim:Terminal.connected>
    <cim:Terminal.TopologicalNode rdf:resource="#N02"/>
  </cim:Terminal>
  <cim:Terminal rdf:about="#E-230">
    <cim:Terminal.connected>true</cim:Terminal.connected>
    <cim:Terminal.TopologicalNode rdf:resource="#N25"/>
  </cim:Terminal>
  <cim:Terminal rdf:about="#E-254">
    <cim:Terminal.connected>true</cim:Terminal.connected>
    <cim:Terminal.TopologicalNode rdf:resource="#N28"/>
  </cim:Terminal>
  <cim:Terminal rdf:about="#E-255">
    <cim:Terminal.connected>true</cim:Terminal.connected>
    <cim:Terminal.TopologicalNode rdf:resource="#N29"/>
  </cim:Terminal>
  <cim:Terminal rdf:about="#E-249">
    <cim:Terminal.connected>true</cim:Terminal.connected>
    <cim:Terminal.TopologicalNode rdf:resource="#N26"/>
  </cim:Terminal>
  <cim:Terminal rdf:about="#E-250">
    <cim:Terminal.connected>true</cim:Terminal.connected>
    <cim:Terminal.TopologicalNode rdf:resource="#N28"/>
  </cim:Terminal>
  <cim:Terminal rdf:about="#E-244">
    <cim:Terminal.connected>true</cim:Terminal.connected>
    <cim:Terminal.TopologicalNode rdf:resource="#N26"/>
  </cim:Terminal>
  <cim:Terminal rdf:about="#E-245">
    <cim:Terminal.connected>true</cim:Terminal.connected>
    <cim:Terminal.TopologicalNode rdf:resource="#N29"/>
  </cim:Terminal>
  <cim:Terminal rdf:about="#E-269">
    <cim:Terminal.connected>true</cim:Terminal.connected>
    <cim:Terminal.TopologicalNode rdf:resource="#N17"/>
  </cim:Terminal>
  <cim:Terminal rdf:about="#E-270">
    <cim:Terminal.connected>true</cim:Terminal.connected>
    <cim:Terminal.TopologicalNode rdf:resource="#N18"/>
  </cim:Terminal>
  <cim:Terminal rdf:about="#E-264">
    <cim:Terminal.connected>true</cim:Terminal.connected>
    <cim:Terminal.TopologicalNode rdf:resource="#N26"/>
  </cim:Terminal>
  <cim:Terminal rdf:about="#E-265">
    <cim:Terminal.connected>true</cim:Terminal.connected>
    <cim:Terminal.TopologicalNode rdf:resource="#N27"/>
  </cim:Terminal>
  <cim:Terminal rdf:about="#E-821728">
    <cim:Terminal.connected>true</cim:Terminal.connected>
    <cim:Terminal.TopologicalNode rdf:resource="#N12"/>
  </cim:Terminal>
  <cim:Terminal rdf:about="#E-821731">
    <cim:Terminal.connected>true</cim:Terminal.connected>
    <cim:Terminal.TopologicalNode rdf:resource="#N13"/>
  </cim:Terminal>
  <cim:Terminal rdf:about="#E-821748">
    <cim:Terminal.connected>true</cim:Terminal.connected>
    <cim:Terminal.TopologicalNode rdf:resource="#N06"/>
  </cim:Terminal>
  <cim:Terminal rdf:about="#E-821751">
    <cim:Terminal.connected>true</cim:Terminal.connected>
    <cim:Terminal.TopologicalNode rdf:resource="#N31"/>
  </cim:Terminal>
  <cim:Terminal rdf:about="#E-821768">
    <cim:Terminal.connected>true</cim:Terminal.connected>
    <cim:Terminal.TopologicalNode rdf:resource="#N10"/>
  </cim:Terminal>
  <cim:Terminal rdf:about="#E-821771">
    <cim:Terminal.connected>true</cim:Terminal.connected>
    <cim:Terminal.TopologicalNode rdf:resource="#N32"/>
  </cim:Terminal>
  <cim:Terminal rdf:about="#E-821787">
    <cim:Terminal.connected>true</cim:Terminal.connected>
    <cim:Terminal.TopologicalNode rdf:resource="#N19"/>
  </cim:Terminal>
  <cim:Terminal rdf:about="#E-821790">
    <cim:Terminal.connected>true</cim:Terminal.connected>
    <cim:Terminal.TopologicalNode rdf:resource="#N33"/>
  </cim:Terminal>
  <cim:Terminal rdf:about="#E-821806">
    <cim:Terminal.connected>true</cim:Terminal.connected>
    <cim:Terminal.TopologicalNode rdf:resource="#N20"/>
  </cim:Terminal>
  <cim:Terminal rdf:about="#E-821809">
    <cim:Terminal.connected>true</cim:Terminal.connected>
    <cim:Terminal.TopologicalNode rdf:resource="#N34"/>
  </cim:Terminal>
  <cim:Terminal rdf:about="#E-821840">
    <cim:Terminal.connected>true</cim:Terminal.connected>
    <cim:Terminal.TopologicalNode rdf:resource="#N22"/>
  </cim:Terminal>
  <cim:Terminal rdf:about="#E-821843">
    <cim:Terminal.connected>true</cim:Terminal.connected>
    <cim:Terminal.TopologicalNode rdf:resource="#N35"/>
  </cim:Terminal>
  <cim:Terminal rdf:about="#E-821859">
    <cim:Terminal.connected>true</cim:Terminal.connected>
    <cim:Terminal.TopologicalNode rdf:resource="#N23"/>
  </cim:Terminal>
  <cim:Terminal rdf:about="#E-821862">
    <cim:Terminal.connected>true</cim:Terminal.connected>
    <cim:Terminal.TopologicalNode rdf:resource="#N36"/>
  </cim:Terminal>
  <cim:Terminal rdf:about="#E-821879">
    <cim:Terminal.connected>true</cim:Terminal.connected>
    <cim:Terminal.TopologicalNode rdf:resource="#N25"/>
  </cim:Terminal>
  <cim:Terminal rdf:about="#E-821882">
    <cim:Terminal.connected>true</cim:Terminal.connected>
    <cim:Terminal.TopologicalNode rdf:resource="#N37"/>
  </cim:Terminal>
  <cim:Terminal rdf:about="#E-821898">
    <cim:Terminal.connected>true</cim:Terminal.connected>
    <cim:Terminal.TopologicalNode rdf:resource="#N02"/>
  </cim:Terminal>
  <cim:Terminal rdf:about="#E-821901">
    <cim:Terminal.connected>true</cim:Terminal.connected>
    <cim:Terminal.TopologicalNode rdf:resource="#N30"/>
  </cim:Terminal>
  <cim:Terminal rdf:about="#E-821925">
    <cim:Terminal.connected>true</cim:Terminal.connected>
    <cim:Terminal.TopologicalNode rdf:resource="#N29"/>
  </cim:Terminal>
  <cim:Terminal rdf:about="#E-821928">
    <cim:Terminal.connected>true</cim:Terminal.connected>
    <cim:Terminal.TopologicalNode rdf:resource="#N38"/>
  </cim:Terminal>
  <cim:Terminal rdf:about="#E-821945">
    <cim:Terminal.connected>true</cim:Terminal.connected>
    <cim:Terminal.TopologicalNode rdf:resource="#N19"/>
  </cim:Terminal>
  <cim:Terminal rdf:about="#E-821948">
    <cim:Terminal.connected>true</cim:Terminal.connected>
    <cim:Terminal.TopologicalNode rdf:resource="#N20"/>
  </cim:Terminal>
  <cim:Terminal rdf:about="#E-821700">
    <cim:Terminal.connected>true</cim:Terminal.connected>
    <cim:Terminal.TopologicalNode rdf:resource="#N12"/>
  </cim:Terminal>
  <cim:Terminal rdf:about="#E-821697">
    <cim:Terminal.connected>true</cim:Terminal.connected>
    <cim:Terminal.TopologicalNode rdf:resource="#N11"/>
  </cim:Terminal>
  <cim:Terminal rdf:about="#E-141">
    <cim:Terminal.connected>true</cim:Terminal.connected>
    <cim:Terminal.TopologicalNode rdf:resource="#N37"/>
  </cim:Terminal>
  <cim:Terminal rdf:about="#E-132">
    <cim:Terminal.connected>true</cim:Terminal.connected>
    <cim:Terminal.TopologicalNode rdf:resource="#N30"/>
  </cim:Terminal>
  <cim:Terminal rdf:about="#E-161">
    <cim:Terminal.connected>true</cim:Terminal.connected>
    <cim:Terminal.TopologicalNode rdf:resource="#N35"/>
  </cim:Terminal>
  <cim:Terminal rdf:about="#E-152">
    <cim:Terminal.connected>true</cim:Terminal.connected>
    <cim:Terminal.TopologicalNode rdf:resource="#N38"/>
  </cim:Terminal>
  <cim:Terminal rdf:about="#E-170">
    <cim:Terminal.connected>true</cim:Terminal.connected>
    <cim:Terminal.TopologicalNode rdf:resource="#N39"/>
  </cim:Terminal>
  <cim:Terminal rdf:about="#E-188">
    <cim:Terminal.connected>true</cim:Terminal.connected>
    <cim:Terminal.TopologicalNode rdf:resource="#N32"/>
  </cim:Terminal>
  <cim:Terminal rdf:about="#E-179">
    <cim:Terminal.connected>true</cim:Terminal.connected>
    <cim:Terminal.TopologicalNode rdf:resource="#N31"/>
  </cim:Terminal>
  <cim:Terminal rdf:about="#E-206">
    <cim:Terminal.connected>true</cim:Terminal.connected>
    <cim:Terminal.TopologicalNode rdf:resource="#N33"/>
  </cim:Terminal>
  <cim:Terminal rdf:about="#E-197">
    <cim:Terminal.connected>true</cim:Terminal.connected>
    <cim:Terminal.TopologicalNode rdf:resource="#N34"/>
  </cim:Terminal>
  <cim:Terminal rdf:about="#E-215">
    <cim:Terminal.connected>true</cim:Terminal.connected>
    <cim:Terminal.TopologicalNode rdf:resource="#N36"/>
  </cim:Terminal>
  <cim:Terminal rdf:about="#E-797508">
    <cim:Terminal.connected>true</cim:Terminal.connected>
    <cim:Terminal.TopologicalNode rdf:resource="#N25"/>
  </cim:Terminal>
  <cim:Terminal rdf:about="#E-797516">
    <cim:Terminal.connected>true</cim:Terminal.connected>
    <cim:Terminal.TopologicalNode rdf:resource="#N26"/>
  </cim:Terminal>
  <cim:Terminal rdf:about="#E-797524">
    <cim:Terminal.connected>true</cim:Terminal.connected>
    <cim:Terminal.TopologicalNode rdf:resource="#N27"/>
  </cim:Terminal>
  <cim:Terminal rdf:about="#E-797532">
    <cim:Terminal.connected>true</cim:Terminal.connected>
    <cim:Terminal.TopologicalNode rdf:resource="#N16"/>
  </cim:Terminal>
  <cim:Terminal rdf:about="#E-797540">
    <cim:Terminal.connected>true</cim:Terminal.connected>
    <cim:Terminal.TopologicalNode rdf:resource="#N15"/>
  </cim:Terminal>
  <cim:Terminal rdf:about="#E-797548">
    <cim:Terminal.connected>true</cim:Terminal.connected>
    <cim:Terminal.TopologicalNode rdf:resource="#N12"/>
  </cim:Terminal>
  <cim:Terminal rdf:about="#E-797556">
    <cim:Terminal.connected>true</cim:Terminal.connected>
    <cim:Terminal.TopologicalNode rdf:resource="#N31"/>
  </cim:Terminal>
  <cim:Terminal rdf:about="#E-797564">
    <cim:Terminal.connected>true</cim:Terminal.connected>
    <cim:Terminal.TopologicalNode rdf:resource="#N20"/>
  </cim:Terminal>
  <cim:Terminal rdf:about="#E-797572">
    <cim:Terminal.connected>true</cim:Terminal.connected>
    <cim:Terminal.TopologicalNode rdf:resource="#N28"/>
  </cim:Terminal>
  <cim:Terminal rdf:about="#E-797580">
    <cim:Terminal.connected>true</cim:Terminal.connected>
    <cim:Terminal.TopologicalNode rdf:resource="#N24"/>
  </cim:Terminal>
  <cim:Terminal rdf:about="#E-797588">
    <cim:Terminal.connected>true</cim:Terminal.connected>
    <cim:Terminal.TopologicalNode rdf:resource="#N21"/>
  </cim:Terminal>
  <cim:Terminal rdf:about="#E-797596">
    <cim:Terminal.connected>true</cim:Terminal.connected>
    <cim:Terminal.TopologicalNode rdf:resource="#N29"/>
  </cim:Terminal>
  <cim:Terminal rdf:about="#E-797604">
    <cim:Terminal.connected>true</cim:Terminal.connected>
    <cim:Terminal.TopologicalNode rdf:resource="#N01"/>
  </cim:Terminal>
  <cim:Terminal rdf:about="#E-797612">
    <cim:Terminal.connected>true</cim:Terminal.connected>
    <cim:Terminal.TopologicalNode rdf:resource="#N02"/>
  </cim:Terminal>
  <cim:Terminal rdf:about="#E-797620">
    <cim:Terminal.connected>true</cim:Terminal.connected>
    <cim:Terminal.TopologicalNode rdf:resource="#N05"/>
  </cim:Terminal>
  <cim:Terminal rdf:about="#E-797628">
    <cim:Terminal.connected>true</cim:Terminal.connected>
    <cim:Terminal.TopologicalNode rdf:resource="#N06"/>
  </cim:Terminal>
  <cim:Terminal rdf:about="#E-797636">
    <cim:Terminal.connected>true</cim:Terminal.connected>
    <cim:Terminal.TopologicalNode rdf:resource="#N09"/>
  </cim:Terminal>
  <cim:Terminal rdf:about="#E-797649">
    <cim:Terminal.connected>true</cim:Terminal.connected>
    <cim:Terminal.TopologicalNode rdf:resource="#N10"/>
  </cim:Terminal>
  <cim:Terminal rdf:about="#E-797657">
    <cim:Terminal.connected>true</cim:Terminal.connected>
    <cim:Terminal.TopologicalNode rdf:resource="#N11"/>
  </cim:Terminal>
  <cim:Terminal rdf:about="#E-797665">
    <cim:Terminal.connected>true</cim:Terminal.connected>
    <cim:Terminal.TopologicalNode rdf:resource="#N13"/>
  </cim:Terminal>
  <cim:Terminal rdf:about="#E-797673">
    <cim:Terminal.connected>true</cim:Terminal.connected>
    <cim:Terminal.TopologicalNode rdf:resource="#N17"/>
  </cim:Terminal>
  <cim:Terminal rdf:about="#E-797681">
    <cim:Terminal.connected>true</cim:Terminal.connected>
    <cim:Terminal.TopologicalNode rdf:resource="#N22"/>
  </cim:Terminal>
  <cim:Terminal rdf:about="#E-797689">
    <cim:Terminal.connected>true</cim:Terminal.connected>
    <cim:Terminal.TopologicalNode rdf:resource="#N23"/>
  </cim:Terminal>
  <cim:Terminal rdf:about="#E-797697">
    <cim:Terminal.connected>true</cim:Terminal.connected>
    <cim:Terminal.TopologicalNode rdf:resource="#N14"/>
  </cim:Terminal>
  <cim:Terminal rdf:about="#E-797705">
    <cim:Terminal.connected>true</cim:Terminal.connected>
    <cim:Terminal.TopologicalNode rdf:resource="#N19"/>
  </cim:Terminal>
  <cim:Terminal rdf:about="#E-797460">
    <cim:Terminal.connected>true</cim:Terminal.connected>
    <cim:Terminal.TopologicalNode rdf:resource="#N39"/>
  </cim:Terminal>
  <cim:Terminal rdf:about="#E-797468">
    <cim:Terminal.connected>true</cim:Terminal.connected>
    <cim:Terminal.TopologicalNode rdf:resource="#N08"/>
  </cim:Terminal>
  <cim:Terminal rdf:about="#E-797476">
    <cim:Terminal.connected>true</cim:Terminal.connected>
    <cim:Terminal.TopologicalNode rdf:resource="#N07"/>
  </cim:Terminal>
  <cim:Terminal rdf:about="#E-797484">
    <cim:Terminal.connected>true</cim:Terminal.connected>
    <cim:Terminal.TopologicalNode rdf:resource="#N04"/>
  </cim:Terminal>
  <cim:Terminal rdf:about="#E-797492">
    <cim:Terminal.connected>true</cim:Terminal.connected>
    <cim:Terminal.TopologicalNode rdf:resource="#N03"/>
  </cim:Terminal>
  <cim:Terminal rdf:about="#E-797500">
    <cim:Terminal.connected>true</cim:Terminal.connected>
    <cim:Terminal.TopologicalNode rdf:resource="#N18"/>
  </cim:Terminal>
</rdf:RDF>
