<?xml version="1.0" encoding="utf-8"?>
<rdf:RDF xmlns:rdf="http://www.w3.org/1999/02/22-rdf-syntax-ns#" xmlns:cim="http://iec.ch/TC57/2012/CIM-schema-cim16#" xmlns:md="http://iec.ch/TC57/61970-552/ModelDescription/1#" xmlns:entsoe="http://entsoe.eu/Secretariat/ProfileExtension/2#" xmlns:neplan="http://www.neplan.ch#">
  <md:FullModel rdf:about="urn:uuid:ca9c5c9e-4353-44ca-bdd1-586a060543d3">
    <md:Model.created>2017-09-29T10:49:22</md:Model.created>
    <neplan:Model.createdBy>NEPLAN by Busarello + Cott + Partner AG, Switzerland</neplan:Model.createdBy>
    <md:Model.scenarioTime>2017-09-29T10:49:19</md:Model.scenarioTime>
    <md:Model.version>7</md:Model.version>
    <md:Model.DependentOn rdf:resource="urn:uuid:5efec1bd-4ae6-4c81-8e35-4f62f60f2a52"/>
    <md:Model.DependentOn rdf:resource="urn:uuid:c9b7a1ef-1cde-42ad-8aa5-40a6bd970bb6"/>
    <md:Model.description>NEPLAN</md:Model.description>
    <md:Model.modelingAuthoritySet>FULL</md:Model.modelingAuthoritySet>
    <md:Model.profile>http://iec.ch/TC57/61970-456/StateVariables/3</md:Model.profile>
  </md:FullModel>
  <cim:SvVoltage rdf:ID="N25_5B20">
    <cim:SvVoltage.v>10.575677</cim:SvVoltage.v>
    <cim:SvVoltage.angle>-4.363390</cim:SvVoltage.angle>
    <cim:SvVoltage.TopologicalNode rdf:resource="#N25"/>
  </cim:SvVoltage>
  <cim:SvVoltage rdf:ID="N02_5B20">
    <cim:SvVoltage.v>10.487363</cim:SvVoltage.v>
    <cim:SvVoltage.angle>-5.753760</cim:SvVoltage.angle>
    <cim:SvVoltage.TopologicalNode rdf:resource="#N02"/>
  </cim:SvVoltage>
  <cim:SvVoltage rdf:ID="N30_5B20">
    <cim:SvVoltage.v>10.475000</cim:SvVoltage.v>
    <cim:SvVoltage.angle>-3.333990</cim:SvVoltage.angle>
    <cim:SvVoltage.TopologicalNode rdf:resource="#N30"/>
  </cim:SvVoltage>
  <cim:SvVoltage rdf:ID="N27_5B20">
    <cim:SvVoltage.v>10.377414</cim:SvVoltage.v>
    <cim:SvVoltage.angle>-7.495420</cim:SvVoltage.angle>
    <cim:SvVoltage.TopologicalNode rdf:resource="#N27"/>
  </cim:SvVoltage>
  <cim:SvVoltage rdf:ID="N29_5B20">
    <cim:SvVoltage.v>10.499424</cim:SvVoltage.v>
    <cim:SvVoltage.angle>0.744353</cim:SvVoltage.angle>
    <cim:SvVoltage.TopologicalNode rdf:resource="#N29"/>
  </cim:SvVoltage>
  <cim:SvVoltage rdf:ID="N28_5B20">
    <cim:SvVoltage.v>10.501223</cim:SvVoltage.v>
    <cim:SvVoltage.angle>-2.014880</cim:SvVoltage.angle>
    <cim:SvVoltage.TopologicalNode rdf:resource="#N28"/>
  </cim:SvVoltage>
  <cim:SvVoltage rdf:ID="N26_5B20">
    <cim:SvVoltage.v>10.520755</cim:SvVoltage.v>
    <cim:SvVoltage.angle>-5.526720</cim:SvVoltage.angle>
    <cim:SvVoltage.TopologicalNode rdf:resource="#N26"/>
  </cim:SvVoltage>
  <cim:SvVoltage rdf:ID="N37_5B20">
    <cim:SvVoltage.v>10.278000</cim:SvVoltage.v>
    <cim:SvVoltage.angle>2.421105</cim:SvVoltage.angle>
    <cim:SvVoltage.TopologicalNode rdf:resource="#N37"/>
  </cim:SvVoltage>
  <cim:SvVoltage rdf:ID="N03_5B20">
    <cim:SvVoltage.v>10.301729</cim:SvVoltage.v>
    <cim:SvVoltage.angle>-8.598540</cim:SvVoltage.angle>
    <cim:SvVoltage.TopologicalNode rdf:resource="#N03"/>
  </cim:SvVoltage>
  <cim:SvVoltage rdf:ID="N24_5B20">
    <cim:SvVoltage.v>10.373111</cim:SvVoltage.v>
    <cim:SvVoltage.angle>-6.067900</cim:SvVoltage.angle>
    <cim:SvVoltage.TopologicalNode rdf:resource="#N24"/>
  </cim:SvVoltage>
  <cim:SvVoltage rdf:ID="N17_5B20">
    <cim:SvVoltage.v>10.335553</cim:SvVoltage.v>
    <cim:SvVoltage.angle>-7.301280</cim:SvVoltage.angle>
    <cim:SvVoltage.TopologicalNode rdf:resource="#N17"/>
  </cim:SvVoltage>
  <cim:SvVoltage rdf:ID="N18_5B20">
    <cim:SvVoltage.v>10.309313</cim:SvVoltage.v>
    <cim:SvVoltage.angle>-8.223850</cim:SvVoltage.angle>
    <cim:SvVoltage.TopologicalNode rdf:resource="#N18"/>
  </cim:SvVoltage>
  <cim:SvVoltage rdf:ID="N01_5B20">
    <cim:SvVoltage.v>10.473564</cim:SvVoltage.v>
    <cim:SvVoltage.angle>-8.438680</cim:SvVoltage.angle>
    <cim:SvVoltage.TopologicalNode rdf:resource="#N01"/>
  </cim:SvVoltage>
  <cim:SvVoltage rdf:ID="N38_5B20">
    <cim:SvVoltage.v>10.265000</cim:SvVoltage.v>
    <cim:SvVoltage.angle>7.807724</cim:SvVoltage.angle>
    <cim:SvVoltage.TopologicalNode rdf:resource="#N38"/>
  </cim:SvVoltage>
  <cim:SvVoltage rdf:ID="N22_5B20">
    <cim:SvVoltage.v>10.497949</cim:SvVoltage.v>
    <cim:SvVoltage.angle>0.668305</cim:SvVoltage.angle>
    <cim:SvVoltage.TopologicalNode rdf:resource="#N22"/>
  </cim:SvVoltage>
  <cim:SvVoltage rdf:ID="N21_5B20">
    <cim:SvVoltage.v>10.317605</cim:SvVoltage.v>
    <cim:SvVoltage.angle>-3.780530</cim:SvVoltage.angle>
    <cim:SvVoltage.TopologicalNode rdf:resource="#N21"/>
  </cim:SvVoltage>
  <cim:SvVoltage rdf:ID="N15_5B20">
    <cim:SvVoltage.v>10.153836</cim:SvVoltage.v>
    <cim:SvVoltage.angle>-7.736090</cim:SvVoltage.angle>
    <cim:SvVoltage.TopologicalNode rdf:resource="#N15"/>
  </cim:SvVoltage>
  <cim:SvVoltage rdf:ID="N35_5B20">
    <cim:SvVoltage.v>10.493000</cim:SvVoltage.v>
    <cim:SvVoltage.angle>5.630053</cim:SvVoltage.angle>
    <cim:SvVoltage.TopologicalNode rdf:resource="#N35"/>
  </cim:SvVoltage>
  <cim:SvVoltage rdf:ID="N16_5B20">
    <cim:SvVoltage.v>10.317738</cim:SvVoltage.v>
    <cim:SvVoltage.angle>-6.187500</cim:SvVoltage.angle>
    <cim:SvVoltage.TopologicalNode rdf:resource="#N16"/>
  </cim:SvVoltage>
  <cim:SvVoltage rdf:ID="N06_5B20">
    <cim:SvVoltage.v>10.076724</cim:SvVoltage.v>
    <cim:SvVoltage.angle>-7.949680</cim:SvVoltage.angle>
    <cim:SvVoltage.TopologicalNode rdf:resource="#N06"/>
  </cim:SvVoltage>
  <cim:SvVoltage rdf:ID="N05_5B20">
    <cim:SvVoltage.v>10.053108</cim:SvVoltage.v>
    <cim:SvVoltage.angle>-8.611860</cim:SvVoltage.angle>
    <cim:SvVoltage.TopologicalNode rdf:resource="#N05"/>
  </cim:SvVoltage>
  <cim:SvVoltage rdf:ID="N14_5B20">
    <cim:SvVoltage.v>10.117332</cim:SvVoltage.v>
    <cim:SvVoltage.angle>-7.656410</cim:SvVoltage.angle>
    <cim:SvVoltage.TopologicalNode rdf:resource="#N14"/>
  </cim:SvVoltage>
  <cim:SvVoltage rdf:ID="N04_5B20">
    <cim:SvVoltage.v>10.038628</cim:SvVoltage.v>
    <cim:SvVoltage.angle>-9.606660</cim:SvVoltage.angle>
    <cim:SvVoltage.TopologicalNode rdf:resource="#N04"/>
  </cim:SvVoltage>
  <cim:SvVoltage rdf:ID="N39_5B20">
    <cim:SvVoltage.v>10.300000</cim:SvVoltage.v>
    <cim:SvVoltage.angle>-10.052900</cim:SvVoltage.angle>
    <cim:SvVoltage.TopologicalNode rdf:resource="#N39"/>
  </cim:SvVoltage>
  <cim:SvVoltage rdf:ID="N13_5B20">
    <cim:SvVoltage.v>10.143071</cim:SvVoltage.v>
    <cim:SvVoltage.angle>-6.097710</cim:SvVoltage.angle>
    <cim:SvVoltage.TopologicalNode rdf:resource="#N13"/>
  </cim:SvVoltage>
  <cim:SvVoltage rdf:ID="N11_5B20">
    <cim:SvVoltage.v>10.126937</cim:SvVoltage.v>
    <cim:SvVoltage.angle>-6.284260</cim:SvVoltage.angle>
    <cim:SvVoltage.TopologicalNode rdf:resource="#N11"/>
  </cim:SvVoltage>
  <cim:SvVoltage rdf:ID="N07_5B20">
    <cim:SvVoltage.v>9.970012</cim:SvVoltage.v>
    <cim:SvVoltage.angle>-10.123800</cim:SvVoltage.angle>
    <cim:SvVoltage.TopologicalNode rdf:resource="#N07"/>
  </cim:SvVoltage>
  <cim:SvVoltage rdf:ID="N23_5B20">
    <cim:SvVoltage.v>10.447886</cim:SvVoltage.v>
    <cim:SvVoltage.angle>0.470027</cim:SvVoltage.angle>
    <cim:SvVoltage.TopologicalNode rdf:resource="#N23"/>
  </cim:SvVoltage>
  <cim:SvVoltage rdf:ID="N19_5B20">
    <cim:SvVoltage.v>10.498609</cim:SvVoltage.v>
    <cim:SvVoltage.angle>-1.022760</cim:SvVoltage.angle>
    <cim:SvVoltage.TopologicalNode rdf:resource="#N19"/>
  </cim:SvVoltage>
  <cim:SvVoltage rdf:ID="N12_5B20">
    <cim:SvVoltage.v>10.001515</cim:SvVoltage.v>
    <cim:SvVoltage.angle>-6.243640</cim:SvVoltage.angle>
    <cim:SvVoltage.TopologicalNode rdf:resource="#N12"/>
  </cim:SvVoltage>
  <cim:SvVoltage rdf:ID="N10_5B20">
    <cim:SvVoltage.v>10.171506</cim:SvVoltage.v>
    <cim:SvVoltage.angle>-5.427120</cim:SvVoltage.angle>
    <cim:SvVoltage.TopologicalNode rdf:resource="#N10"/>
  </cim:SvVoltage>
  <cim:SvVoltage rdf:ID="N31_5B20">
    <cim:SvVoltage.v>9.820000</cim:SvVoltage.v>
    <cim:SvVoltage.angle>0e+000</cim:SvVoltage.angle>
    <cim:SvVoltage.TopologicalNode rdf:resource="#N31"/>
  </cim:SvVoltage>
  <cim:SvVoltage rdf:ID="N08_5B20">
    <cim:SvVoltage.v>9.960199</cim:SvVoltage.v>
    <cim:SvVoltage.angle>-10.615300</cim:SvVoltage.angle>
    <cim:SvVoltage.TopologicalNode rdf:resource="#N08"/>
  </cim:SvVoltage>
  <cim:SvVoltage rdf:ID="N36_5B20">
    <cim:SvVoltage.v>10.635000</cim:SvVoltage.v>
    <cim:SvVoltage.angle>8.322916</cim:SvVoltage.angle>
    <cim:SvVoltage.TopologicalNode rdf:resource="#N36"/>
  </cim:SvVoltage>
  <cim:SvVoltage rdf:ID="N20_5B20">
    <cim:SvVoltage.v>9.911765</cim:SvVoltage.v>
    <cim:SvVoltage.angle>-2.014670</cim:SvVoltage.angle>
    <cim:SvVoltage.TopologicalNode rdf:resource="#N20"/>
  </cim:SvVoltage>
  <cim:SvVoltage rdf:ID="N32_5B20">
    <cim:SvVoltage.v>9.831000</cim:SvVoltage.v>
    <cim:SvVoltage.angle>2.568960</cim:SvVoltage.angle>
    <cim:SvVoltage.TopologicalNode rdf:resource="#N32"/>
  </cim:SvVoltage>
  <cim:SvVoltage rdf:ID="N09_5B20">
    <cim:SvVoltage.v>10.282261</cim:SvVoltage.v>
    <cim:SvVoltage.angle>-10.321900</cim:SvVoltage.angle>
    <cim:SvVoltage.TopologicalNode rdf:resource="#N09"/>
  </cim:SvVoltage>
  <cim:SvVoltage rdf:ID="N33_5B20">
    <cim:SvVoltage.v>9.972000</cim:SvVoltage.v>
    <cim:SvVoltage.angle>4.194691</cim:SvVoltage.angle>
    <cim:SvVoltage.TopologicalNode rdf:resource="#N33"/>
  </cim:SvVoltage>
  <cim:SvVoltage rdf:ID="N34_5B20">
    <cim:SvVoltage.v>10.123000</cim:SvVoltage.v>
    <cim:SvVoltage.angle>3.174992</cim:SvVoltage.angle>
    <cim:SvVoltage.TopologicalNode rdf:resource="#N34"/>
  </cim:SvVoltage>
  <cim:SvPowerFlow rdf:ID="L25-sv">
    <cim:SvPowerFlow.p>224.000000</cim:SvPowerFlow.p>
    <cim:SvPowerFlow.q>47.200000</cim:SvPowerFlow.q>
    <cim:SvPowerFlow.Terminal rdf:resource="#E-797508"/>
  </cim:SvPowerFlow>
  <cim:SvPowerFlow rdf:ID="L26-sv">
    <cim:SvPowerFlow.p>139.000000</cim:SvPowerFlow.p>
    <cim:SvPowerFlow.q>17.000000</cim:SvPowerFlow.q>
    <cim:SvPowerFlow.Terminal rdf:resource="#E-797516"/>
  </cim:SvPowerFlow>
  <cim:SvPowerFlow rdf:ID="L27-sv">
    <cim:SvPowerFlow.p>281.000000</cim:SvPowerFlow.p>
    <cim:SvPowerFlow.q>75.500000</cim:SvPowerFlow.q>
    <cim:SvPowerFlow.Terminal rdf:resource="#E-797524"/>
  </cim:SvPowerFlow>
  <cim:SvPowerFlow rdf:ID="L16-sv">
    <cim:SvPowerFlow.p>329.000000</cim:SvPowerFlow.p>
    <cim:SvPowerFlow.q>32.300000</cim:SvPowerFlow.q>
    <cim:SvPowerFlow.Terminal rdf:resource="#E-797532"/>
  </cim:SvPowerFlow>
  <cim:SvPowerFlow rdf:ID="L15-sv">
    <cim:SvPowerFlow.p>320.000000</cim:SvPowerFlow.p>
    <cim:SvPowerFlow.q>153.000000</cim:SvPowerFlow.q>
    <cim:SvPowerFlow.Terminal rdf:resource="#E-797540"/>
  </cim:SvPowerFlow>
  <cim:SvPowerFlow rdf:ID="L12-sv">
    <cim:SvPowerFlow.p>7.500000</cim:SvPowerFlow.p>
    <cim:SvPowerFlow.q>88.000000</cim:SvPowerFlow.q>
    <cim:SvPowerFlow.Terminal rdf:resource="#E-797548"/>
  </cim:SvPowerFlow>
  <cim:SvPowerFlow rdf:ID="L31-sv">
    <cim:SvPowerFlow.p>9.200000</cim:SvPowerFlow.p>
    <cim:SvPowerFlow.q>4.600000</cim:SvPowerFlow.q>
    <cim:SvPowerFlow.Terminal rdf:resource="#E-797556"/>
  </cim:SvPowerFlow>
  <cim:SvPowerFlow rdf:ID="L20-sv">
    <cim:SvPowerFlow.p>628.000000</cim:SvPowerFlow.p>
    <cim:SvPowerFlow.q>103.000000</cim:SvPowerFlow.q>
    <cim:SvPowerFlow.Terminal rdf:resource="#E-797564"/>
  </cim:SvPowerFlow>
  <cim:SvPowerFlow rdf:ID="L28-sv">
    <cim:SvPowerFlow.p>206.000000</cim:SvPowerFlow.p>
    <cim:SvPowerFlow.q>27.600000</cim:SvPowerFlow.q>
    <cim:SvPowerFlow.Terminal rdf:resource="#E-797572"/>
  </cim:SvPowerFlow>
  <cim:SvPowerFlow rdf:ID="L24-sv">
    <cim:SvPowerFlow.p>308.600000</cim:SvPowerFlow.p>
    <cim:SvPowerFlow.q>-92.200000</cim:SvPowerFlow.q>
    <cim:SvPowerFlow.Terminal rdf:resource="#E-797580"/>
  </cim:SvPowerFlow>
  <cim:SvPowerFlow rdf:ID="L21-sv">
    <cim:SvPowerFlow.p>274.000000</cim:SvPowerFlow.p>
    <cim:SvPowerFlow.q>115.000000</cim:SvPowerFlow.q>
    <cim:SvPowerFlow.Terminal rdf:resource="#E-797588"/>
  </cim:SvPowerFlow>
  <cim:SvPowerFlow rdf:ID="L29-sv">
    <cim:SvPowerFlow.p>283.500000</cim:SvPowerFlow.p>
    <cim:SvPowerFlow.q>26.900000</cim:SvPowerFlow.q>
    <cim:SvPowerFlow.Terminal rdf:resource="#E-797596"/>
  </cim:SvPowerFlow>
  <cim:SvPowerFlow rdf:ID="L01-sv">
    <cim:SvPowerFlow.p>0e+000</cim:SvPowerFlow.p>
    <cim:SvPowerFlow.q>0e+000</cim:SvPowerFlow.q>
    <cim:SvPowerFlow.Terminal rdf:resource="#E-797604"/>
  </cim:SvPowerFlow>
  <cim:SvPowerFlow rdf:ID="L02-sv">
    <cim:SvPowerFlow.p>0e+000</cim:SvPowerFlow.p>
    <cim:SvPowerFlow.q>0e+000</cim:SvPowerFlow.q>
    <cim:SvPowerFlow.Terminal rdf:resource="#E-797612"/>
  </cim:SvPowerFlow>
  <cim:SvPowerFlow rdf:ID="L05-sv">
    <cim:SvPowerFlow.p>0e+000</cim:SvPowerFlow.p>
    <cim:SvPowerFlow.q>0e+000</cim:SvPowerFlow.q>
    <cim:SvPowerFlow.Terminal rdf:resource="#E-797620"/>
  </cim:SvPowerFlow>
  <cim:SvPowerFlow rdf:ID="L06-sv">
    <cim:SvPowerFlow.p>0e+000</cim:SvPowerFlow.p>
    <cim:SvPowerFlow.q>0e+000</cim:SvPowerFlow.q>
    <cim:SvPowerFlow.Terminal rdf:resource="#E-797628"/>
  </cim:SvPowerFlow>
  <cim:SvPowerFlow rdf:ID="L09-sv">
    <cim:SvPowerFlow.p>0e+000</cim:SvPowerFlow.p>
    <cim:SvPowerFlow.q>0e+000</cim:SvPowerFlow.q>
    <cim:SvPowerFlow.Terminal rdf:resource="#E-797636"/>
  </cim:SvPowerFlow>
  <cim:SvPowerFlow rdf:ID="L10-sv">
    <cim:SvPowerFlow.p>0e+000</cim:SvPowerFlow.p>
    <cim:SvPowerFlow.q>0e+000</cim:SvPowerFlow.q>
    <cim:SvPowerFlow.Terminal rdf:resource="#E-797649"/>
  </cim:SvPowerFlow>
  <cim:SvPowerFlow rdf:ID="L11-sv">
    <cim:SvPowerFlow.p>0e+000</cim:SvPowerFlow.p>
    <cim:SvPowerFlow.q>0e+000</cim:SvPowerFlow.q>
    <cim:SvPowerFlow.Terminal rdf:resource="#E-797657"/>
  </cim:SvPowerFlow>
  <cim:SvPowerFlow rdf:ID="L13-sv">
    <cim:SvPowerFlow.p>0e+000</cim:SvPowerFlow.p>
    <cim:SvPowerFlow.q>0e+000</cim:SvPowerFlow.q>
    <cim:SvPowerFlow.Terminal rdf:resource="#E-797665"/>
  </cim:SvPowerFlow>
  <cim:SvPowerFlow rdf:ID="L17-sv">
    <cim:SvPowerFlow.p>0e+000</cim:SvPowerFlow.p>
    <cim:SvPowerFlow.q>0e+000</cim:SvPowerFlow.q>
    <cim:SvPowerFlow.Terminal rdf:resource="#E-797673"/>
  </cim:SvPowerFlow>
  <cim:SvPowerFlow rdf:ID="L22-sv">
    <cim:SvPowerFlow.p>0e+000</cim:SvPowerFlow.p>
    <cim:SvPowerFlow.q>0e+000</cim:SvPowerFlow.q>
    <cim:SvPowerFlow.Terminal rdf:resource="#E-797681"/>
  </cim:SvPowerFlow>
  <cim:SvPowerFlow rdf:ID="L23-sv">
    <cim:SvPowerFlow.p>247.500000</cim:SvPowerFlow.p>
    <cim:SvPowerFlow.q>84.600000</cim:SvPowerFlow.q>
    <cim:SvPowerFlow.Terminal rdf:resource="#E-797689"/>
  </cim:SvPowerFlow>
  <cim:SvPowerFlow rdf:ID="L14-sv">
    <cim:SvPowerFlow.p>0e+000</cim:SvPowerFlow.p>
    <cim:SvPowerFlow.q>0e+000</cim:SvPowerFlow.q>
    <cim:SvPowerFlow.Terminal rdf:resource="#E-797697"/>
  </cim:SvPowerFlow>
  <cim:SvPowerFlow rdf:ID="L19-sv">
    <cim:SvPowerFlow.p>0e+000</cim:SvPowerFlow.p>
    <cim:SvPowerFlow.q>0e+000</cim:SvPowerFlow.q>
    <cim:SvPowerFlow.Terminal rdf:resource="#E-797705"/>
  </cim:SvPowerFlow>
  <cim:SvPowerFlow rdf:ID="L39-sv">
    <cim:SvPowerFlow.p>1104.000000</cim:SvPowerFlow.p>
    <cim:SvPowerFlow.q>250.000000</cim:SvPowerFlow.q>
    <cim:SvPowerFlow.Terminal rdf:resource="#E-797460"/>
  </cim:SvPowerFlow>
  <cim:SvPowerFlow rdf:ID="L08-sv">
    <cim:SvPowerFlow.p>522.000000</cim:SvPowerFlow.p>
    <cim:SvPowerFlow.q>176.000000</cim:SvPowerFlow.q>
    <cim:SvPowerFlow.Terminal rdf:resource="#E-797468"/>
  </cim:SvPowerFlow>
  <cim:SvPowerFlow rdf:ID="L07-sv">
    <cim:SvPowerFlow.p>233.800000</cim:SvPowerFlow.p>
    <cim:SvPowerFlow.q>84.000000</cim:SvPowerFlow.q>
    <cim:SvPowerFlow.Terminal rdf:resource="#E-797476"/>
  </cim:SvPowerFlow>
  <cim:SvPowerFlow rdf:ID="L04-sv">
    <cim:SvPowerFlow.p>500.000000</cim:SvPowerFlow.p>
    <cim:SvPowerFlow.q>184.000000</cim:SvPowerFlow.q>
    <cim:SvPowerFlow.Terminal rdf:resource="#E-797484"/>
  </cim:SvPowerFlow>
  <cim:SvPowerFlow rdf:ID="L03-sv">
    <cim:SvPowerFlow.p>322.000000</cim:SvPowerFlow.p>
    <cim:SvPowerFlow.q>2.400000</cim:SvPowerFlow.q>
    <cim:SvPowerFlow.Terminal rdf:resource="#E-797492"/>
  </cim:SvPowerFlow>
  <cim:SvPowerFlow rdf:ID="L18-sv">
    <cim:SvPowerFlow.p>158.000000</cim:SvPowerFlow.p>
    <cim:SvPowerFlow.q>30.000000</cim:SvPowerFlow.q>
    <cim:SvPowerFlow.Terminal rdf:resource="#E-797500"/>
  </cim:SvPowerFlow>
  <cim:SvPowerFlow rdf:ID="G08-sv">
    <cim:SvPowerFlow.p>-540.000000</cim:SvPowerFlow.p>
    <cim:SvPowerFlow.q>-0.439867</cim:SvPowerFlow.q>
    <cim:SvPowerFlow.Terminal rdf:resource="#E-141"/>
  </cim:SvPowerFlow>
  <cim:SvPowerFlow rdf:ID="G10-sv">
    <cim:SvPowerFlow.p>-250.000000</cim:SvPowerFlow.p>
    <cim:SvPowerFlow.q>-146.157900</cim:SvPowerFlow.q>
    <cim:SvPowerFlow.Terminal rdf:resource="#E-132"/>
  </cim:SvPowerFlow>
  <cim:SvPowerFlow rdf:ID="G06-sv">
    <cim:SvPowerFlow.p>-650.000000</cim:SvPowerFlow.p>
    <cim:SvPowerFlow.q>-212.412130</cim:SvPowerFlow.q>
    <cim:SvPowerFlow.Terminal rdf:resource="#E-161"/>
  </cim:SvPowerFlow>
  <cim:SvPowerFlow rdf:ID="G09-sv">
    <cim:SvPowerFlow.p>-830.000000</cim:SvPowerFlow.p>
    <cim:SvPowerFlow.q>-22.841277</cim:SvPowerFlow.q>
    <cim:SvPowerFlow.Terminal rdf:resource="#E-152"/>
  </cim:SvPowerFlow>
  <cim:SvPowerFlow rdf:ID="G01-sv">
    <cim:SvPowerFlow.p>-1000.000000</cim:SvPowerFlow.p>
    <cim:SvPowerFlow.q>-88.281726</cim:SvPowerFlow.q>
    <cim:SvPowerFlow.Terminal rdf:resource="#E-170"/>
  </cim:SvPowerFlow>
  <cim:SvPowerFlow rdf:ID="G03-sv">
    <cim:SvPowerFlow.p>-650.000000</cim:SvPowerFlow.p>
    <cim:SvPowerFlow.q>-205.144370</cim:SvPowerFlow.q>
    <cim:SvPowerFlow.Terminal rdf:resource="#E-188"/>
  </cim:SvPowerFlow>
  <cim:SvPowerFlow rdf:ID="G02-sv">
    <cim:SvPowerFlow.p>-520.811060</cim:SvPowerFlow.p>
    <cim:SvPowerFlow.q>-198.251810</cim:SvPowerFlow.q>
    <cim:SvPowerFlow.Terminal rdf:resource="#E-179"/>
  </cim:SvPowerFlow>
  <cim:SvPowerFlow rdf:ID="G04-sv">
    <cim:SvPowerFlow.p>-632.000000</cim:SvPowerFlow.p>
    <cim:SvPowerFlow.q>-109.905880</cim:SvPowerFlow.q>
    <cim:SvPowerFlow.Terminal rdf:resource="#E-206"/>
  </cim:SvPowerFlow>
  <cim:SvPowerFlow rdf:ID="G05-sv">
    <cim:SvPowerFlow.p>-508.000000</cim:SvPowerFlow.p>
    <cim:SvPowerFlow.q>-165.763600</cim:SvPowerFlow.q>
    <cim:SvPowerFlow.Terminal rdf:resource="#E-197"/>
  </cim:SvPowerFlow>
  <cim:SvPowerFlow rdf:ID="G07-sv">
    <cim:SvPowerFlow.p>-560.000000</cim:SvPowerFlow.p>
    <cim:SvPowerFlow.q>-101.174890</cim:SvPowerFlow.q>
    <cim:SvPowerFlow.Terminal rdf:resource="#E-215"/>
  </cim:SvPowerFlow>
  <cim:SvTapStep rdf:ID="TR-12-13_5B22">
    <cim:SvTapStep.position>6</cim:SvTapStep.position>
    <cim:SvTapStep.TapChanger rdf:resource="#_DA12-2E-F1-00000000383231373235"/>
  </cim:SvTapStep>
  <cim:SvTapStep rdf:ID="TR-06-31_5B22">
    <cim:SvTapStep.position>70</cim:SvTapStep.position>
    <cim:SvTapStep.TapChanger rdf:resource="#_DA12-2E-F1-00000000383231373435"/>
  </cim:SvTapStep>
  <cim:SvTapStep rdf:ID="TR-10-32_5B22">
    <cim:SvTapStep.position>70</cim:SvTapStep.position>
    <cim:SvTapStep.TapChanger rdf:resource="#_DA12-2E-F1-00000000383231373635"/>
  </cim:SvTapStep>
  <cim:SvTapStep rdf:ID="TR-19-33_5B22">
    <cim:SvTapStep.position>70</cim:SvTapStep.position>
    <cim:SvTapStep.TapChanger rdf:resource="#_DA12-2E-F1-00000000383231373834"/>
  </cim:SvTapStep>
  <cim:SvTapStep rdf:ID="TR-20-34_5B22">
    <cim:SvTapStep.position>9</cim:SvTapStep.position>
    <cim:SvTapStep.TapChanger rdf:resource="#_DA12-2E-F1-00000000383231383033"/>
  </cim:SvTapStep>
  <cim:SvTapStep rdf:ID="TR-22-35_5B22">
    <cim:SvTapStep.position>25</cim:SvTapStep.position>
    <cim:SvTapStep.TapChanger rdf:resource="#_DA12-2E-F1-00000000383231383337"/>
  </cim:SvTapStep>
  <cim:SvTapStep rdf:ID="TR-23-36_5B22">
    <cim:SvTapStep.position>0</cim:SvTapStep.position>
    <cim:SvTapStep.TapChanger rdf:resource="#_DA12-2E-F1-00000000383231383536"/>
  </cim:SvTapStep>
  <cim:SvTapStep rdf:ID="TR-25-37_5B22">
    <cim:SvTapStep.position>25</cim:SvTapStep.position>
    <cim:SvTapStep.TapChanger rdf:resource="#_DA12-2E-F1-00000000383231383736"/>
  </cim:SvTapStep>
  <cim:SvTapStep rdf:ID="TR-02-30_5B22">
    <cim:SvTapStep.position>25</cim:SvTapStep.position>
    <cim:SvTapStep.TapChanger rdf:resource="#_DA12-2E-F1-00000000383231383935"/>
  </cim:SvTapStep>
  <cim:SvTapStep rdf:ID="TR-29-38_5B22">
    <cim:SvTapStep.position>25</cim:SvTapStep.position>
    <cim:SvTapStep.TapChanger rdf:resource="#_DA12-2E-F1-00000000383231393232"/>
  </cim:SvTapStep>
  <cim:SvTapStep rdf:ID="TR-19-20_5B22">
    <cim:SvTapStep.position>60</cim:SvTapStep.position>
    <cim:SvTapStep.TapChanger rdf:resource="#_DA12-2E-F1-00000000383231393432"/>
  </cim:SvTapStep>
  <cim:SvTapStep rdf:ID="TR-12-11_5B22">
    <cim:SvTapStep.position>6</cim:SvTapStep.position>
    <cim:SvTapStep.TapChanger rdf:resource="#_DA12-2E-F1-00000000383231363934"/>
  </cim:SvTapStep>
</rdf:RDF>
